Position,Nature,Salary,Base Salary,Bonus
Software Engineer,,49 500 €,42 500 €,9 250 €
Ingénieur,STAGE,16 478 €,16 426 €,2 054 €
Stagiaire,STAGE,16 098 €,16 098 €,0
Ingénieur Développement Logiciel,,50 800 €,44 845 €,8 829 €
Ingénieur R&D,,50 000 €,43 397 €,8 971 €
Ingénieur,,40 000 €,39 431 €,9 142 €
Intern,STAGE,14 291 €,14 291 €,0
Data Scientist,,49 680 €,43 895 €,8 574 €
Ingénieur Logiciel,,48 709 €,40 383 €,9 060 €
Software Developer,,42 668 €,40 701 €,4 391 €
Chef De Projet,,59 007 €,56 000 €,8 184 €
Project Manager,,57 207 €,57 207 €,6 000 €
Software Engineer,STAGE,15 985 €,15 970 €,2 706 €
R&D Software Engineer,,50 525 €,43 001 €,8 705 €
Ingénieur,APPRENTI,16 921 €,16 921 €,1 906 €
Ingénieur R&D,STAGE,16 500 €,16 500 €,0
Consultant,,47 440 €,46 038 €,5 831 €
Product Manager,,76 780 €,53 784 €,16 612 €
Software Engineer Intern,STAGE,18 571 €,18 571 €,0
Solution Architect,,55 274 €,51 750 €,8 000 €
Business Consultant,,62 000 €,56 827 €,28 503 €
Manager,,80 000 €,79 654 €,15 000 €
Industry Process Consultant,,49 974 €,45 000 €,8 431 €
Sales Manager,,132 018 €,73 410 €,53 263 €
R&D,STAGE,16 619 €,16 619 €,0
Recherche et développement,STAGE,17 017 €,17 017 €,0
Solution Consultant,,46 857 €,46 857 €,0
Contract Manager,,44 379 €,42 879 €,2 000 €
Business Analyst,,69 774 €,62 180 €,11 096 €
Data Scientist,STAGE,19 200 €,19 183 €,3 943 €
Data Analyst,STAGE,15 494 €,15 494 €,0
Technical Consultant,,55 000 €,45 000 €,9 208 €
Software Engineer(Internship),STAGE,16 200 €,16 200 €,0
Software Development Engineer,,52 052 €,44 819 €,6 743 €
Chef De Projet Digital,,49 500 €,49 500 €,8 233 €
Développeur,STAGE,15 465 €,15 465 €,0
Business Analyst,STAGE,17 913 €,17 913 €,0
Software Developer,STAGE,15 712 €,15 712 €,0
Développeur,,48 288 €,41 645 €,13 578 €
Ingénieur De Recherche,STAGE,15 544 €,15 544 €,0
Ingénieur Informatique,,47 824 €,41 869 €,7 304 €
Front End Developer,,45 342 €,41 074 €,4 268 €
Solutions Consultant,,48 010 €,43 711 €,4 299 €
Ingénieur Développement Logiciel,STAGE,16 504 €,16 504 €,0
Internship,STAGE,13 270 €,13 270 €,0
Ingénieur Devops,,40 980 €,39 359 €,5 000 €
Software Architect,,65 535 €,59 002 €,11 000 €
Senior Manager,,72 279 €,66 074 €,12 411 €
Ingénieur Informatique,STAGE,18 478 €,18 478 €,0
Chef De Projet,STAGE,14 988 €,14 988 €,0
Senior Project Manager,,70 209 €,66 324 €,13 885 €
Ingénieur De Recherche,,58 016 €,47 582 €,10 217 €
Ingénieur Logiciel,STAGE,13 817 €,13 817 €,0
Comptable,,44 362 €,44 362 €,0
Apprenti,APPRENTI,19 551 €,19 551 €,0
Business Process Analyst,,48 424 €,43 427 €,9 995 €
Consultant,STAGE,14 574 €,14 574 €,0
Rédacteur Technique,,42 840 €,42 392 €,5 196 €
Marketing,,64 252 €,61 749 €,11 125 €
Software Engineer Specialist,,49 205 €,41 000 €,9 039 €
Solutions Architect,,51 000 €,49 000 €,6 108 €
Ingénieur Commercial,,66 152 €,58 326 €,15 652 €
Market Analyst,,45 816 €,42 816 €,3 001 €
Business Process Analyst,APPRENTI,16 165 €,16 165 €,0
Business Development,STAGE,16 120 €,16 120 €,0
R&D Engineer,,58 497 €,58 497 €,13 186 €
Sales Director,,90 000 €,90 000 €,13 €
Financial Analyst,,55 704 €,55 704 €,0
Senior Marketing Manager,,93 500 €,75 000 €,18 500 €
Research Intern,STAGE,16 152 €,16 152 €,0
Senior Software Developer,,55 082 €,55 082 €,0
chargée de formation,,55 626 €,55 626 €,2 €
Ingénieur Développement,STAGE,17 012 €,17 012 €,0
Consulting,STAGE,12 763 €,12 763 €,0
Computer Forensic Technician,,45 441 €,45 271 €,9 098 €
Strategy Analyst,STAGE,15 526 €,15 526 €,0
Sales Representative,,107 621 €,86 097 €,33 319 €
Customer Success Manager,,51 153 €,51 153 €,12 577 €
Social Media Manager,,53 461 €,47 000 €,10 087 €
Senior Software Engineer,,57 262 €,57 262 €,15 823 €
Dassault Systems,,41 412 €,41 412 €,0
Marketing,STAGE,14 218 €,14 218 €,0
Communications Specialist,,50 000 €,44 416 €,8 300 €
Client Executive,,101 262 €,101 262 €,85 257 €
Développeur Web,,40 554 €,39 500 €,8 000 €
Sales Operations Specialist,,60 433 €,51 421 €,9 012 €
Business Process Define Intern,STAGE,16 955 €,16 955 €,0
Strategic Planning Analyst,STAGE,19 750 €,19 750 €,0
Consulting Contract Negotiator,STAGE,16 310 €,16 310 €,0
Senior Client Executive,,138 000 €,110 000 €,56 000 €
Analyste Financier,,50 000 €,50 000 €,0
Ingénieur D'études,,44 773 €,44 773 €,0
Data Engineer,,63 000 €,53 000 €,10 000 €
Digital Marketing Manager,,58 458 €,49 955 €,8 503 €
Business Analyst,APPRENTI,19 800 €,19 800 €,0
Contrôleur De Gestion,,51 000 €,48 000 €,3 000 €
Directeur Marketing,,77 k € - 112 k €,63 k € - 112 k €,14 k € - 16 k €
Digital Project Manager,APPRENTI,17 k € - 22 k €,17 k € - 19 k €,2 k € - 2 k €
Développeur JavaScript,,41 k € - 49 k €,37 k € - 41 k €,3 k € - 8 k €
Cloud Engineer,,47 k € - 58 k €,38 k € - 42 k €,8 k € - 16 k €
Market Analyst,STAGE,17 k € - 19 k €,17 k € - 19 k €,0
ingénieur développeur,,41 k € - 49 k €,38 k € - 45 k €,7 k € - 7 k €
FP&A Analyst,,43 k € - 52 k €,38 k € - 47 k €,10 k € - 10 k €
apprentissage,APPRENTI,19 k € - 21 k €,19 k € - 21 k €,0
Analyste Commercial,STAGE,15 k € - 21 k €,15 k € - 21 k €,0
Cloud Operations,,36 k € - 103 k €,36 k € - 104 k €,0
Juriste,STAGE,15 k € - 19 k €,15 k € - 19 k €,0
- Service software expert,APPRENTI,15 k € - 22 k €,15 k € - 19 k €,3 k € - 3 k €
Project Leader,,46 k € - 62 k €,43 k € - 52 k €,3 k € - 9 k €
Ingénieur QA,APPRENTI,16 k € - 19 k €,16 k € - 19 k €,0
Data Scientist Intern,,15 k € - 50 k €,15 k € - 50 k €,0
Contrôleur De Gestion,APPRENTI,19 k € - 23 k €,18 k € - 20 k €,3 k € - 3 k €
Marketing,APPRENTI,18 k € - 20 k €,18 k € - 20 k €,0
Service Manager,,43 k € - 84 k €,36 k € - 68 k €,7 k € - 16 k €
UX Designer,,40 k € - 51 k €,39 k € - 43 k €,8 k € - 9 k €
Strategy Consultant,,42 k € - 46 k €,42 k € - 45 k €,0
Software Engineer,INTÉRIMAIRE,19 k € - 42 k €,19 k € - 41 k €,861 € - 917 €
Ingénieur En Développement,,36 k € - 40 k €,36 k € - 40 k €,0
Développeur Logiciel,STAGE,14 k € - 19 k €,14 k € - 19 k €,0
HRBP,,59 k € - 83 k €,60 k € - 84 k €,0
Dassault Systemes - intern,STAGE,13 k € - 16 k €,13 k € - 16 k €,0
Senior Systems Engineer,,56 k € - 72 k €,56 k € - 72 k €,0
Senior Product Manager,,60 k € - 90 k €,59 k € - 89 k €,0
Ingénieur Développement Logiciel RnD,,41 k € - 53 k €,41 k € - 45 k €,8 k € - 9 k €
Stagiare r&d,STAGE,15 k € - 18 k €,15 k € - 18 k €,0
Senior Solution Architect,,70 k € - 96 k €,58 k € - 84 k €,12 k € - 13 k €
Architecte Logiciel,,53 k € - 100 k €,53 k € - 100 k €,0
Ressources Humaines,STAGE,17 k € - 19 k €,17 k € - 19 k €,0
Engineering Manager,,57 k € - 67 k €,46 k € - 56 k €,10 k € - 12 k €
Marketing and Communication Specialist,,49 k € - 70 k €,49 k € - 58 k €,11 k € - 12 k €
Software Engineering Manager,,58 k € - 77 k €,49 k € - 78 k €,10 k € - 10 k €
Ingénieur Cloud,,48 k € - 76 k €,43 k € - 63 k €,5 k € - 12 k €
Ingénieur recherche et développement,STAGE,13 k € - 17 k €,13 k € - 17 k €,0
Software QA Engineer,,36 k € - 57 k €,36 k € - 49 k €,8 k € - 9 k €
Communications,,38 k € - 41 k €,37 k € - 40 k €,0
Company Driver,STAGE,17 k € - 20 k €,17 k € - 20 k €,0
Recherche,STAGE,15 k € - 19 k €,15 k € - 19 k €,0
Alternant,APPRENTI,16 k € - 23 k €,16 k € - 20 k €,2 € - 3 k €
Chef De Projet,APPRENTI,15 k € - 22 k €,15 k € - 22 k €,0
Apprentice,STAGE,14 k € - 17 k €,14 k € - 17 k €,0
ingénieur en développement logiciel,,41 k € - 53 k €,36 k € - 45 k €,5 k € - 8 k €
UI Designer,,46 k € - 50 k €,46 k € - 50 k €,0
Strategy Analyst,,47 k € - 72 k €,47 k € - 62 k €,9 k € - 9 k €
Ingénieur recherche et développement,,41 k € - 64 k €,42 k € - 63 k €,0
Développeur de logiciels,STAGE,15 k € - 20 k €,15 k € - 20 k €,0
Chargé de communication digitale,,37 k € - 44 k €,37 k € - 44 k €,0
Ingénieur R& D,STAGE,16 k € - 21 k €,16 k € - 21 k €,0
RRH,,49 k € - 58 k €,40 k € - 48 k €,9 k € - 10 k €
Partner Sales Manager,,77 k € - 99 k €,68 k € - 83 k €,24 k € - 26 k €
Strategic Planning Analyst,,40 k € - 48 k €,40 k € - 48 k €,0
R&D Development Manager,,50 k € - 64 k €,50 k € - 64 k €,0
Communications Technician,STAGE,16 k € - 17 k €,15 k € - 17 k €,0
Finance,STAGE,14 k € - 58 k €,14 k € - 58 k €,0
Assistant Marketing Digital,STAGE,7 k € - 18 k €,7 k € - 18 k €,0
chargé de projets marketing,APPRENTI,18 k € - 20 k €,18 k € - 20 k €,0
Développeur Full Stack,APPRENTI,18 k € - 21 k €,17 k € - 21 k €,952 € - 1 k €
Web Developer,STAGE,13 k € - 19 k €,13 k € - 20 k €,0
Alternant Contrôleur de gestion,,17 k € - 22 k €,17 k € - 21 k €,809 € - 889 €
Ingénieur Développement Logiciel apprentissage,APPRENTI,16 k € - 23 k €,16 k € - 20 k €,2 k € - 3 k €
Développeur Java,,48 k € - 55 k €,42 k € - 46 k €,6 k € - 9 k €
Chargée De Recrutement,,35 k € - 52 k €,35 k € - 51 k €,0
Program Manager,,61 k € - 75 k €,48 k € - 66 k €,21 k € - 23 k €
Ingénieur Développement,,39 k € - 57 k €,39 k € - 57 k €,0
Ingénieur développement web,STAGE,16 k € - 18 k €,16 k € - 18 k €,0
-ingénieur qualité,APPRENTI,18 k € - 20 k €,18 k € - 20 k €,0
Software Engineer(),STAGE,16 k € - 22 k €,14 k € - 22 k €,1 k € - 1 k €
Juriste,,36 k € - 70 k €,36 k € - 70 k €,0
gestionnaire rh,,37 k € - 45 k €,36 k € - 40 k €,5 k € - 5 k €
UI-UX Designer,,43 k € - 50 k €,43 k € - 50 k €,0
Assistante De Direction,,32 k € - 51 k €,31 k € - 51 k €,0
Data Analyst,,39 k € - 44 k €,39 k € - 44 k €,0
Data Scientist alternant,INTÉRIMAIRE,15 k € - 21 k €,15 k € - 21 k €,0
Chef De Projet Digital,STAGE,13 k € - 16 k €,13 k € - 16 k €,0
Executive Assistant,,47 k € - 57 k €,47 k € - 57 k €,0
Directeur technique,,48 k € - 84 k €,49 k € - 83 k €,0
Technical Sales Specialist,,47 k € - 53 k €,40 k € - 53 k €,8 k € - 8 k €
Communications Technician IV,,43 k € - 72 k €,38 k € - 61 k €,4 k € - 11 k €
Stagiare,STAGE,16 k € - 17 k €,16 k € - 18 k €,0
Ingenieur Informatique,,49 k € - 61 k €,46 k € - 53 k €,10 k € - 11 k €
Technology Manager,,56 k € - 94 k €,44 k € - 61 k €,43 k € - 46 k €
Director,,82 k € - 155 k €,81 k € - 102 k €,49 k € - 53 k €
Sales,,13 k € - 1 M €,13 k € - 1 M €,43 k € - 47 k €
Industry Solution Technical,,45 k € - 50 k €,37 k € - 42 k €,8 k € - 9 k €
Ingénieur Développement logiciel et web,,46 k € - 58 k €,39 k € - 57 k €,8 k € - 8 k €
Market Analyst (apprenticeship),STAGE,22 k € - 28 k €,21 k € - 24 k €,5 k € - 6 k €
Corporate Strategy,STAGE,14 k € - 18 k €,14 k € - 17 k €,0
Data Scientist Intern,STAGE,12 k € - 22 k €,12 k € - 23 k €,0
Sales Operations Manager,,52 k € - 64 k €,51 k € - 63 k €,952 € - 1 k €
Sales,STAGE,15 k € - 27 k €,15 k € - 27 k €,0
Portfolio Manager,,51 k € - 63 k €,48 k € - 56 k €,11 k € - 11 k €
Chef de projet marketing,STAGE,16 k € - 20 k €,16 k € - 21 k €,1 € - 1 €
Sales Executive,,45 k € - 195 k €,44 k € - 197 k €,0
Stagiaire R&D,STAGE,15 k € - 16 k €,15 k € - 16 k €,0
Product Owner,,54 k € - 60 k €,44 k € - 60 k €,10 k € - 10 k €
Portfolio Management Specialist,,52 k € - 57 k €,52 k € - 57 k €,0
Intern,,17 k € - 19 k €,17 k € - 19 k €,0
Agency Supervisory Officer,,39 k € - 42 k €,38 k € - 42 k €,0
finance d'entreprise,APPRENTI,19 k € - 21 k €,19 k € - 21 k €,0
Directeur informatique,,79 k € - 86 k €,79 k € - 86 k €,0
Data Scientist alternant,,18 k € - 19 k €,17 k € - 19 k €,0
ingénieur avant vente,STAGE,19 k € - 21 k €,19 k € - 21 k €,0
IP Specialist,,51 k € - 56 k €,43 k € - 46 k €,8 k € - 9 k €
Partenaire commercial industrie,,103 k € - 111 k €,102 k € - 111 k €,0
Chargé des opérations public sector,STAGE,17 k € - 18 k €,17 k € - 18 k €,0
Devops,,53 k € - 57 k €,53 k € - 57 k €,0
Developpeur Apriso,,42 k € - 45 k €,42 k € - 46 k €,0
Software Quality Assurance Engineer,STAGE,20 k € - 22 k €,17 k € - 19 k €,3 k € - 3 k €
Spécialiste de recrutement emea,,48 k € - 52 k €,48 k € - 52 k €,0
Consultant Fonctionnel,,40 k € - 44 k €,38 k € - 41 k €,2 k € - 2 k €
Global Operations Senior Manager,,69 k € - 75 k €,59 k € - 63 k €,11 k € - 12 k €
Business Operations Specialist,,39 k € - 43 k €,40 k € - 43 k €,0
Export Compliance Specialist,STAGE,16 k € - 18 k €,17 k € - 18 k €,0
architecte infrastructure & cloud,,20 k € - 22 k €,20 k € - 22 k €,2 € - 2 €
Apprenti ingénieur en mécanique et méthodes industrielles,STAGIAIRE,45 k € - 49 k €,45 k € - 49 k €,0
co ordinator business development,STAGE,17 k € - 18 k €,17 k € - 18 k €,0
Configuration Developer,STAGE,13 k € - 15 k €,13 k € - 15 k €,0
Senior Solutions Consultant,,52 k € - 56 k €,44 k € - 47 k €,9 k € - 9 k €
directeur juridique adjoint,,107 k € - 115 k €,94 k € - 104 k €,12 k € - 12 k €
Community Manager,,19 k € - 21 k €,18 k € - 19 k €,1 k € - 1 k €
Marketing and Communication Specialist,STAGE,24 k € - 26 k €,25 k € - 26 k €,0
Analyste en business intelligence et finance innovation,,46 k € - 49 k €,46 k € - 50 k €,0
"Consultant, Retail",STAGE,17 k € - 18 k €,17 k € - 19 k €,0
Consulting Software Sales Specialist,,50 k € - 54 k €,50 k € - 55 k €,0
Responsable Produit,,117 k € - 126 k €,116 k € - 126 k €,0
IP Project Manager,STAGE,18 k € - 20 k €,18 k € - 19 k €,0
assistant vente grands comptes emea,,49 k € - 52 k €,48 k € - 52 k €,0
Business Intelligence Analyst,STAGE,16 k € - 17 k €,16 k € - 17 k €,0
analyste stratégique,STAGE,15 k € - 16 k €,15 k € - 16 k €,0
R&amp;D,STAGE,17 k € - 18 k €,17 k € - 19 k €,0
Application-Manager,,64 k € - 68 k €,53 k € - 58 k €,10 k € - 11 k €
assistante de direction bilingue anglais,,38 k € - 41 k €,38 k € - 41 k €,0
Offering Manager,,51 k € - 55 k €,51 k € - 56 k €,0
Alternant RH,APPRENTI,19 k € - 20 k €,18 k € - 20 k €,0
UX Designer,STAGE,16 k € - 18 k €,16 k € - 18 k €,0
Consulting Internship,,25 k € - 27 k €,25 k € - 27 k €,0
Consolidated Theaters,,45 k € - 49 k €,45 k € - 49 k €,0
Cloud Architect,,44 k € - 47 k €,43 k € - 47 k €,0
Stage Ingénieur,,17 k € - 19 k €,17 k € - 19 k €,0
Pre-Sales Consultant,,54 k € - 59 k €,55 k € - 59 k €,0
Responsable de contrat/Responsable de bureau,,48 k € - 52 k €,48 k € - 52 k €,0
Development Director,,70 k € - 76 k €,70 k € - 75 k €,0
Copier Salesman,STAGE,15 k € - 16 k €,14 k € - 16 k €,0
Corporate Strategy Analyst Intern,STAGE,20 k € - 22 k €,20 k € - 22 k €,0
Solutions Developer - Consultant,INTÉRIMAIRE,18 k € - 20 k €,18 k € - 20 k €,0
Machine Learning Intern,STAGE,13 k € - 15 k €,13 k € - 15 k €,0
Front End Software Engineer,STAGE,15 k € - 16 k €,15 k € - 16 k €,0
Engineering Architect,,66 k € - 72 k €,67 k € - 71 k €,0
Administrateur de système LINUX,STAGE,18 k € - 19 k €,17 k € - 19 k €,0
Developer,STAGE,15 k € - 16 k €,15 k € - 16 k €,0
corporate university director,,69 k € - 75 k €,70 k € - 76 k €,0
Achats (fin d'études),STAGE,16 k € - 17 k €,16 k € - 17 k €,0
Ressources Humaines,APPRENTI,18 k € - 20 k €,18 k € - 20 k €,0
Marketing Data Analyst,STAGE,12 k € - 13 k €,12 k € - 13 k €,0
Financial Planning Analyst,STAGE,12 k € - 13 k €,12 k € - 13 k €,0
Alternant ingénieur informatique,,22 k € - 23 k €,21 k € - 23 k €,0
Alternant Data Scientist,,17 k € - 19 k €,17 k € - 19 k €,0
Data Intern,,20 k € - 21 k €,20 k € - 21 k €,0
PROFESSEUR EN SOUTIEN SCOLAIRE,,86 k € - 93 k €,87 k € - 94 k €,0
Financial Planning and Analysis,APPRENTI,17 k € - 19 k €,17 k € - 19 k €,0
Directeur senior,,156 k € - 169 k €,137 k € - 149 k €,19 k € - 20 k €
Développeur Full Stack,,38 k € - 42 k €,38 k € - 42 k €,0
Ingénieur Développement Logiciel C++,,54 k € - 59 k €,45 k € - 48 k €,9 k € - 9 k €
WW Manager,,69 k € - 75 k €,69 k € - 76 k €,0
Software Architect/Sofware Development Manager,,73 k € - 80 k €,53 k € - 58 k €,21 k € - 22 k €
Ingénieur développement web,,39 k € - 42 k €,39 k € - 42 k €,0
Sales & Service Expert,STAGE,17 k € - 19 k €,17 k € - 19 k €,0
Global Social Media Coordinator,,19 k € - 21 k €,20 k € - 21 k €,0
Community Consultant,,46 k € - 50 k €,46 k € - 49 k €,0
"Manager, Project Manager, Order Management, Prosses Management",,68 k € - 74 k €,68 k € - 74 k €,0
Corporate Trainer,STAGE,16 k € - 17 k €,16 k € - 17 k €,0
Community Counselor,,41 k € - 44 k €,41 k € - 44 k €,0
Senior Business Analyst,,79 k € - 86 k €,79 k € - 86 k €,0
Senior Developer,,74 k € - 82 k €,65 k € - 70 k €,10 k € - 11 k €
Contract Administration Specialist (Reassigned to 904231),,60 k € - 65 k €,60 k € - 66 k €,0
Consultant gestion du cycle de vie des produits,,69 k € - 75 k €,69 k € - 75 k €,0
Analyst Stratégique,STAGE,13 k € - 14 k €,13 k € - 15 k €,0
Estagiário De Engenharia,STAGE,16 k € - 17 k €,16 k € - 18 k €,0
ingénieur sécurité des systèmes avion,,59 k € - 63 k €,59 k € - 64 k €,0
Achat,INTÉRIMAIRE,18 k € - 20 k €,18 k € - 20 k €,0
Financial Analyst,STAGE,17 k € - 18 k €,17 k € - 18 k €,0
Digital Marketing Intern,STAGE,17 k € - 19 k €,17 k € - 19 k €,0
Communications,STAGE,14 k € - 15 k €,14 k € - 15 k €,0
Research and Development Software Engineer,,49 k € - 53 k €,41 k € - 44 k €,8 k € - 9 k €
Enquêteur en conformité et anti-piratage,,56 k € - 61 k €,57 k € - 61 k €,0
Marketing Manager,,46 k € - 50 k €,46 k € - 50 k €,0
Solutions Manager,,70 k € - 77 k €,67 k € - 72 k €,3 k € - 3 k €
M&A Intern,,55 k € - 58 k €,54 k € - 59 k €,0
Back-end Software Engineer,APPRENTI,18 k € - 20 k €,18 k € - 19 k €,0
Technical Manager,,60 k € - 65 k €,44 k € - 47 k €,17 k € - 18 k €
Alternance en systèmes d'information,APPRENTI,325 k € - 349 k €,325 k € - 354 k €,1 € - 1 €
Architecte expérience utilisateur,,45 k € - 49 k €,44 k € - 48 k €,0
Developeur C++,,36 k € - 38 k €,36 k € - 38 k €,0
Consultant Technique,,51 k € - 55 k €,43 k € - 47 k €,8 k € - 9 k €
Technicien Support Helpdesk,,19 k € - 20 k €,19 k € - 21 k €,0
Applications Manager,,62 k € - 66 k €,62 k € - 67 k €,0
Assistante Marketing digital,APPRENTI,19 k € - 21 k €,19 k € - 21 k €,0
Institutional Fixed Income,,37 k € - 41 k €,37 k € - 40 k €,0
TP Intern,STAGE,14 k € - 15 k €,13 k € - 15 k €,0
Stagiaire ingénieur mécanique,,46 k € - 50 k €,46 k € - 49 k €,0
Analyste Stratégie,APPRENTI,22 k € - 24 k €,22 k € - 24 k €,0
Business Systems Manager,,130 k € - 139 k €,130 k € - 140 k €,0
Data Engineer Intern,,16 k € - 17 k €,16 k € - 17 k €,0
Ingénieur mécanique,APPRENTI,18 k € - 20 k €,19 k € - 20 k €,0
Consultant/Associate,,46 k € - 50 k €,39 k € - 42 k €,7 k € - 8 k €
Directeur Finance,,49 k € - 54 k €,49 k € - 53 k €,0
Machine Learning Engineer,,69 k € - 74 k €,68 k € - 74 k €,0
Revenue Recognition Analyst,,48 k € - 52 k €,48 k € - 52 k €,0
Research Engineer,,52 k € - 56 k €,42 k € - 46 k €,9 k € - 10 k €
Community Service Officer,,56 k € - 60 k €,45 k € - 49 k €,10 k € - 11 k €
Apprentice - Infrastructure Consulting,INTÉRIMAIRE,14 k € - 15 k €,14 k € - 15 k €,0
Corporate Web Manager/Business Analyst,STAGE,17 k € - 18 k €,17 k € - 18 k €,0
chef de projet itsm,,56 k € - 62 k €,47 k € - 51 k €,10 k € - 11 k €
Delmia solution consultant,,62 k € - 67 k €,62 k € - 67 k €,1 € - 1 €
Consultant PLM,,34 k € - 37 k €,34 k € - 37 k €,0
Continuous Improvement Coach,STAGE,19 k € - 21 k €,19 k € - 21 k €,0
Développeur,APPRENTI,20 k € - 22 k €,18 k € - 20 k €,3 k € - 3 k €
Business Development,,47 k € - 51 k €,47 k € - 51 k €,2 € - 2 €
Fullstack Developer,STAGE,14 k € - 15 k €,12 k € - 13 k €,2 k € - 2 k €
Ingenieur Eleve Developpeur C++,,17 k € - 19 k €,17 k € - 18 k €,166 € - 181 €
Superviseur,,54 k € - 58 k €,54 k € - 59 k €,0
UX Manager,,63 k € - 69 k €,64 k € - 70 k €,0
Corporate Strategic Planning,,51 k € - 55 k €,40 k € - 43 k €,12 k € - 13 k €
Chef de projet junior,STAGE,12 k € - 12 k €,11 k € - 13 k €,0
Directeur ventes,,57 k € - 63 k €,57 k € - 62 k €,0
Ingénieur validation,INTÉRIMAIRE,39 k € - 42 k €,39 k € - 43 k €,0
Apprentissage Marketing,APPRENTI,19 k € - 20 k €,18 k € - 19 k €,672 € - 729 €
Engineering Project Manager,,46 k € - 50 k €,46 k € - 50 k €,0
Ingénieur Etudiant,STAGE,16 k € - 18 k €,16 k € - 18 k €,0
Senior Portfolio Manager,,102 k € - 112 k €,65 k € - 70 k €,38 k € - 41 k €
Apprenti développeur,INTÉRIMAIRE,19 k € - 20 k €,19 k € - 20 k €,0
Ingénieur CAO,STAGE,16 k € - 18 k €,16 k € - 18 k €,0
gestionnaire administration du personnel,,46 k € - 50 k €,46 k € - 50 k €,0
Events Specialist,,50 k € - 54 k €,43 k € - 47 k €,7 k € - 8 k €
Analyste en stratégie,,63 k € - 70 k €,53 k € - 58 k €,11 k € - 12 k €
Consultant Fonctionnel,STAGE,15 k € - 17 k €,15 k € - 17 k €,0
Chargée missions RH,APPRENTI,2 k € - 2 k €,2 k € - 2 k €,0
Senior Consultant,,151 k € - 164 k €,111 k € - 122 k €,41 k € - 44 k €
Directeur Recherche et Développement,,75 k € - 80 k €,75 k € - 81 k €,0
ingénieur avant-vente,,55 k € - 60 k €,44 k € - 47 k €,12 k € - 13 k €
"Ingénieur étude et développement,",STAGE,12 k € - 13 k €,12 k € - 13 k €,0
Consultant Manufacturing,,62 k € - 66 k €,61 k € - 66 k €,0
Data Science Intern,STAGE,13 k € - 14 k €,13 k € - 14 k €,0
Computer Sales Associate,,41 k € - 45 k €,41 k € - 44 k €,0
Ingénieur Système,STAGE,16 k € - 17 k €,16 k € - 17 k €,0
Juriste d'affaires senior,,85 k € - 94 k €,85 k € - 94 k €,0
Responsable technique programmes,,65 k € - 69 k €,64 k € - 69 k €,0
ASSISTANT COMMERCIAL,STAGE,12 k € - 13 k €,12 k € - 13 k €,0
Strategy Development,,75 k € - 82 k €,75 k € - 82 k €,0
Data Architect,,74 k € - 82 k €,63 k € - 69 k €,12 k € - 13 k €
Operations Engineer,STAGE,45 k € - 50 k €,38 k € - 41 k €,7 k € - 8 k €
Strategy Analyst Intern,STAGE,15 k € - 16 k €,15 k € - 16 k €,0
PMO Project Manager,,42 k CHF - 46 k CHF,43 k CHF - 46 k CHF,0
Test Automation Engineer,,48 k € - 52 k €,48 k € - 51 k €,0
Stagiaire analyste en planification et analyse financière,STAGE,56 k € - 60 k €,56 k € - 60 k €,0
Consulting Services Sales Specialist,,41 k € - 44 k €,41 k € - 45 k €,0
Consultant en planification,,50 k € - 54 k €,50 k € - 55 k €,0
Vice-président marketing et opérations,,144 k € - 157 k €,145 k € - 155 k €,0
Developeur front end niveau ingénieur,,40 k € - 43 k €,40 k € - 43 k €,0
Responsable contenu marketing,,48 k € - 53 k €,49 k € - 52 k €,0
Online social media manager,,65 k € - 70 k €,65 k € - 70 k €,0
Sales Consultant,,46 k € - 50 k €,47 k € - 51 k €,0
R & D Consultant,,48 k € - 52 k €,48 k € - 52 k €,0
Consultant solution developper,APPRENTI,15 k € - 16 k €,15 k € - 16 k €,0
Analyste,STAGE,41 k € - 45 k €,41 k € - 45 k €,0
Industry Process Requirement Manager,,46 k € - 51 k €,47 k € - 50 k €,0
Learning Coordinator,,38 k € - 41 k €,38 k € - 41 k €,0
Directeur des opérations marketing monde senior,,138 k € - 149 k €,139 k € - 151 k €,0
Ingenieur reseau securite,,47 k € - 51 k €,38 k € - 41 k €,10 k € - 10 k €
chef de projet développement des compétences,STAGE,16 k € - 17 k €,16 k € - 17 k €,0
PMO Manager,,52 k € - 57 k €,53 k € - 57 k €,0
Ingenieur,STAGE,20 k € - 21 k €,19 k € - 21 k €,0
Project Manager R&D,,61 k € - 67 k €,52 k € - 56 k €,10 k € - 10 k €
Ingénieur d'affaires chargé des relations fournisseurs,,86 k € - 92 k €,85 k € - 93 k €,0
Analyste en stratégie,STAGE,14 k € - 15 k €,14 k € - 15 k €,0
Program Director,,102 k € - 109 k €,102 k € - 108 k €,0
Technical Writer,STAGE,18 k € - 20 k €,18 k € - 20 k €,0
Directeur des services professionnels emea,,122 k € - 134 k €,123 k € - 133 k €,0
Technical Sale,APPRENTI,19 k € - 21 k €,19 k € - 21 k €,0
Alliance Manager,STAGE,18 k € - 19 k €,18 k € - 19 k €,0
HR Project Manager,APPRENTI,18 k € - 19 k €,16 k € - 17 k €,2 k € - 2 k €
Directeur de structure de produits,,92 k € - 98 k €,91 k € - 99 k €,0
Software Engineer Apprentice,STAGE,17 k € - 18 k €,16 k € - 17 k €,1 k € - 1 k €
Recruteur,,38 k € - 41 k €,38 k € - 41 k €,0
Ops Specialist,,57 k € - 61 k €,44 k € - 46 k €,13 k € - 15 k €
InStep,STAGE,16 k € - 17 k €,16 k € - 17 k €,0
Ingenieure Assuràce Qualite,APPRENTI,17 k € - 19 k €,17 k € - 19 k €,527 € - 570 €
Solution Consultant,,19 k € - 21 k €,19 k € - 21 k €,0
Développeur Web,STAGE,15 k € - 16 k €,15 k € - 16 k €,0
Global Corporate Social Media Strategist,,47 k € - 51 k €,39 k € - 43 k €,8 k € - 8 k €
Gestion des Risques,STAGE,15 k € - 17 k €,15 k € - 17 k €,0
Cadre Administratif,,47 k € - 52 k €,47 k € - 52 k €,0
Sales Strategy,STAGE,17 k € - 19 k €,17 k € - 19 k €,0
High-Tech Software Life Cycle Management Solution Director,,83 k € - 91 k €,83 k € - 91 k €,0
apprentie chef de projet,APPRENTI,46 k € - 49 k €,46 k € - 50 k €,0
Tech Sales Consultant,,54 k € - 59 k €,44 k € - 48 k €,11 k € - 11 k €
Direction des Opérations RH,,101 k € - 110 k €,102 k € - 110 k €,2 € - 2 €
Responsable strategie,,60 k € - 65 k €,59 k € - 65 k €,0
ingénieur d'essais,,59 k € - 64 k €,59 k € - 63 k €,0
rédactrice technique,,48 k € - 52 k €,48 k € - 52 k €,0
Otolaryngologist,,49 k € - 52 k €,48 k € - 52 k €,0
Ingénieur Service Technical Pre Sales,STAGE,17 k € - 19 k €,17 k € - 19 k €,0
Independent Contractor,STAGE,111 k € - 121 k €,110 k € - 121 k €,0
Éleveur De Poulets,,11 k € - 12 k €,11 k € - 12 k €,0
Business Developer Stargiaire,STAGE,12 k € - 13 k €,12 k € - 13 k €,0
Ingénieur HSE,STAGE,16 k € - 17 k €,16 k € - 17 k €,0
Analyste Stratégie,STAGE,13 k € - 14 k €,13 k € - 14 k €,0
Services Software Consultant,,43 k € - 47 k €,43 k € - 47 k €,0
Account Executive,,48 k € - 52 k €,48 k € - 52 k €,0
Contract Construction Representative,APPRENTI,19 k € - 21 k €,19 k € - 21 k €,0
Chef de projet IS/IT,,41 k € - 45 k €,37 k € - 40 k €,5 k € - 5 k €
Responsable Marketing,,46 k € - 50 k €,46 k € - 50 k €,23 € - 25 €
Ou Delivery Operations Specialist,,54 k € - 57 k €,43 k € - 46 k €,10 k € - 11 k €
Offer Management Coordinator,APPRENTI,17 k € - 19 k €,17 k € - 19 k €,0
User Experience Architect,,44 k € - 49 k €,42 k € - 45 k €,3 k € - 3 k €
Chargé d´innovation,STAGE,14 k € - 15 k €,14 k € - 15 k €,0
Ingénieur Logiciel,APPRENTI,19 k € - 21 k €,18 k € - 20 k €,1 k € - 1 k €
Partner Capacity Manager,STAGE,13 k € - 14 k €,13 k € - 14 k €,0
business developper,,41 k € - 45 k €,36 k € - 39 k €,6 k € - 6 k €
Junior UX/UI Designer,APPRENTI,19 k € - 20 k €,19 k € - 20 k €,0
Chef de projet Evenement,,70 k € - 76 k €,58 k € - 62 k €,12 k € - 13 k €
Technical Writer,,44 k € - 49 k €,45 k € - 48 k €,0
Junior Manager,,48 k € - 53 k €,48 k € - 53 k €,0
Finance Manager,,72 k € - 79 k €,63 k € - 67 k €,10 k € - 11 k €
Analyste commerce et compétition,,48 k € - 52 k €,48 k € - 52 k €,0
Audiovisual & Collaboration Project Manager,,45 k € - 49 k €,45 k € - 49 k €,0
Web Applications Developer Intern,,15 k € - 17 k €,15 k € - 16 k €,0
Revenue Recognition Analyst,STAGE,24 k € - 26 k €,19 k € - 21 k €,4 k € - 4 k €
QA Manager,,60 k € - 66 k €,50 k € - 55 k €,11 k € - 11 k €
Ingénieur Étude Et Développement,,49 k € - 54 k €,41 k € - 44 k €,8 k € - 9 k €
Solutions Consultant Intern,,57 k € - 60 k €,56 k € - 61 k €,0
Apprentice Engineer,APPRENTI,19 k € - 21 k €,19 k € - 21 k €,0
Operations Specialist,,39 k € - 42 k €,39 k € - 43 k €,0
Chargé D'affaire,,59 k € - 63 k €,59 k € - 64 k €,0
Responsable juridique,,163 k € - 176 k €,91 k € - 98 k €,71 k € - 76 k €
Constable,STAGE,16 k € - 17 k €,16 k € - 17 k €,0
Consultant Confirmé,,46 k € - 51 k €,46 k € - 50 k €,0
"Senior Manager, Business Administration",,64 k € - 70 k €,65 k € - 70 k €,0
data scienstist,,46 k € - 50 k €,46 k € - 50 k €,0
Chargée de RH,STAGE,16 k € - 17 k €,16 k € - 17 k €,0
Commercial Loan Consultant,STAGE,33 k € - 36 k €,34 k € - 36 k €,0
Gestionnaire paie et administration du personnel,APPRENTI,15 k € - 16 k €,15 k € - 16 k €,0
Data Scientist,APPRENTI,19 k € - 21 k €,19 k € - 21 k €,0
Software Quality Assurance Engineer,,39 k € - 42 k €,39 k € - 43 k €,0
Directeur de recrutement emea,,124 k € - 132 k €,122 k € - 133 k €,0
Représentant Des Ventes,,64 k € - 69 k €,64 k € - 69 k €,0
Experienced Senior Design Manager,,66 k € - 71 k €,66 k € - 72 k €,0
Sales BDM,,105 k € - 115 k €,70 k € - 76 k €,36 k € - 38 k €
Consultant PLM,APPRENTI,18 k € - 20 k €,19 k € - 20 k €,0
Head of Strategy,,87 k € - 93 k €,87 k € - 94 k €,0
Directeur de marketing industriel,,48 k € - 52 k €,48 k € - 52 k €,0
Ingénieure de recherche,,46 k € - 50 k €,38 k € - 41 k €,9 k € - 10 k €
Business Process Expert,,38 k € - 41 k €,38 k € - 41 k €,0
Pre Sales Engineer,,81 k € - 89 k €,81 k € - 88 k €,0
Director Customer Value,,80 k € - 88 k €,81 k € - 87 k €,0
Software Engineer Manager,,57 k € - 61 k €,45 k € - 49 k €,11 k € - 12 k €
Docteur-Ingénieur,,122 k € - 132 k €,123 k € - 134 k €,0
Strategic Planner Intern,STAGE,18 k € - 20 k €,18 k € - 20 k €,0
Alternant Marketing,STAGE,17 k € - 19 k €,17 k € - 19 k €,0
Interior Designer,,48 k € - 52 k €,48 k € - 52 k €,0
Chargé de communication digitale Stagiaire,STAGE,11 k € - 12 k €,11 k € - 12 k €,0
Architecte Solution,,51 k € - 55 k €,50 k € - 54 k €,0
Stage Ingénieur,STAGE,20 k € - 21 k €,20 k € - 21 k €,0
Social Media Manager,APPRENTI,19 k € - 21 k €,19 k € - 21 k €,0
IT Operations Manager,,74 k € - 80 k €,67 k € - 72 k €,7 k € - 7 k €
business tools,STAGE,16 k € - 18 k €,16 k € - 18 k €,0
ingénieur de configuration logiciel,,48 k € - 52 k €,48 k € - 52 k €,0
directeur rh,,92 k € - 99 k €,79 k € - 86 k €,13 k € - 14 k €
Front End Integration Engineer,,38 k € - 42 k €,38 k € - 41 k €,0
Ingénieur Consultant Junior,,37 k € - 40 k €,37 k € - 41 k €,0
Platform Strategy Advisor,STAGE,19 k € - 21 k €,19 k € - 21 k €,0
Intern,INTÉRIMAIRE,20 k € - 21 k €,19 k € - 21 k €,0
Legal,STAGE,17 k € - 19 k €,17 k € - 19 k €,0
IPC,APPRENTI,26 k € - 28 k €,26 k € - 28 k €,0
Computer Operator I,,48 k € - 52 k €,41 k € - 45 k €,7 k € - 8 k €
Travel Manager,,46 k € - 50 k €,46 k € - 50 k €,0
Customer Support Senior Director,,116 k € - 126 k €,117 k € - 126 k €,0
analyste stratégique,,46 k € - 50 k €,46 k € - 50 k €,0
Ingénieur Matériaux,STAGE,15 k € - 16 k €,15 k € - 16 k €,0
QA Engineer Consultant,INTÉRIMAIRE,43 k € - 46 k €,43 k € - 47 k €,0
développeur front-end,,39 k € - 43 k €,39 k € - 42 k €,0
Financial Controller,,146 k € - 156 k €,146 k € - 158 k €,0
Community Health Director,STAGE,17 k € - 19 k €,17 k € - 19 k €,0
Strategic Planner,,44 k € - 48 k €,44 k € - 48 k €,0
AI Analyst,STAGE,18 k € - 20 k €,18 k € - 19 k €,0
Learning & Development Specialist,,41 k € - 44 k €,40 k € - 44 k €,0
Ingénieur Développement VR,STAGE,1 k € - 1 k €,1 k € - 1 k €,0
SRE,,46 k € - 50 k €,46 k € - 50 k €,0
Marketing Project Manager,,80 k € - 87 k €,80 k € - 86 k €,0
Ingénieur Développeur Logiciel,,48 k € - 52 k €,40 k € - 44 k €,8 k € - 8 k €
Sale Director,,136 k € - 147 k €,134 k € - 147 k €,0
User Adoption Consultant,,40 k € - 44 k €,40 k € - 44 k €,0
Directeur des opérations valeur des clients senior,,119 k € - 130 k €,118 k € - 130 k €,0
IT,STAGE,15 k € - 16 k €,15 k € - 17 k €,0
"Coordinator, Digital Sales And Marketing",,43 k € - 47 k €,31 k € - 33 k €,12 k € - 13 k €
Chargé De Projets,STAGE,12 k € - 13 k €,12 k € - 13 k €,0
IT Manager,,59 k € - 64 k €,58 k € - 64 k €,0
FP&A Analyst,APPRENTI,20 k € - 21 k €,20 k € - 21 k €,0
IT Solution Engineer,,116 k € - 124 k €,96 k € - 103 k €,19 k € - 21 k €
Ingénieur en Développement Informatique,,36 k € - 39 k €,37 k € - 40 k €,0
Ingénieur mécanique consultant,STAGE,16 k € - 17 k €,16 k € - 18 k €,0
Information Security Analyst,,48 k € - 52 k €,48 k € - 52 k €,0
Stagiare r&d,,14 k € - 15 k €,14 k € - 15 k €,0
Consultant en solutions front-end,,46 k € - 50 k €,46 k € - 49 k €,0
Deep learning developer,,46 k € - 50 k €,46 k € - 50 k €,0
Sales Business Analyst,,59 k € - 64 k €,49 k € - 52 k €,10 k € - 11 k €
Commercial Representative,STAGE,12 k € - 13 k €,12 k € - 13 k €,0
Vendeur,,36 k € - 39 k €,36 k € - 39 k €,0
Ingénieur Développement,APPRENTI,18 k € - 19 k €,18 k € - 19 k €,0
comptable général,,51 k € - 55 k €,51 k € - 56 k €,0
Industrial Sales,,46 k € - 49 k €,46 k € - 50 k €,0
Charg&eacute;e de projet formation,INTÉRIMAIRE,18 k € - 20 k €,18 k € - 20 k €,0
Ingénieur Étude Et Développement,STAGE,12 k € - 13 k €,12 k € - 13 k €,0
Web Publications Specialist,,46 k € - 49 k €,45 k € - 49 k €,0
Software,STAGE,14 k € - 15 k €,14 k € - 15 k €,0
Quality Engineer,,42 k € - 45 k €,42 k € - 46 k €,0
Requirement Specialist,,46 k € - 50 k €,38 k € - 41 k €,7 k € - 8 k €
apprentissage,INTÉRIMAIRE,15 k € - 16 k €,15 k € - 16 k €,0
WW Network Engineer,,66 k € - 71 k €,55 k € - 60 k €,11 k € - 11 k €
UX Architect,,48 k € - 53 k €,48 k € - 52 k €,0
Communications Manager,,47 k € - 51 k €,47 k € - 52 k €,0
Directeur IT-operations,,115 k € - 123 k €,113 k € - 123 k €,0
ingénieur R&D junior,,35 k € - 38 k €,34 k € - 37 k €,0
fiscaliste,APPRENTI,20 k € - 21 k €,19 k € - 20 k €,998 € - 1 k €
Ingénieur Production,,42 k € - 46 k €,41 k € - 45 k €,0
Alternant analyste stratégie,INTÉRIMAIRE,20 k € - 21 k €,18 k € - 20 k €,2 k € - 2 k €
Marketing Industrie,,120 k € - 129 k €,119 k € - 130 k €,0
Sales and Operations,,76 k € - 83 k €,77 k € - 83 k €,0
Marketing automation apprentice,INTÉRIMAIRE,17 k € - 19 k €,18 k € - 19 k €,0
Juriste propriété intellectuelle,,39 k € - 42 k €,39 k € - 42 k €,0
Directrice Financière,,101 k € - 112 k €,102 k € - 111 k €,0
Contrôle De Gestion,STAGE,15 k € - 16 k €,15 k € - 16 k €,0
Commercial Relationship Manager,,46 k € - 49 k €,46 k € - 50 k €,0
Computer Hardware Engineer,,48 k € - 52 k €,48 k € - 51 k €,0
Full Stack Developer,STAGE,14 k € - 15 k €,14 k € - 15 k €,0
Analyste Stratégie,,43 k € - 47 k €,43 k € - 47 k €,0
Intraoperative Neurophysiologist,,39 k € - 42 k €,40 k € - 43 k €,0
Assistant Sales,STAGE,16 k € - 17 k €,16 k € - 17 k €,0
Apprenti développeur web,,21 k € - 22 k €,18 k € - 19 k €,3 k € - 3 k €
Chargé d'affaires publiques,,46 k € - 50 k €,46 k € - 50 k €,0
Intern - Software Engineer,STAGE,17 k € - 18 k €,17 k € - 18 k €,0
Alternance Marketing,INTÉRIMAIRE,19 k € - 21 k €,19 k € - 20 k €,0
UI/UX Designer,,44 k € - 48 k €,38 k € - 42 k €,6 k € - 6 k €
Senior Business Process Design Specialist,,97 k € - 106 k €,85 k € - 93 k €,12 k € - 13 k €
Apprenti Deuxième Année,,14 k € - 15 k €,14 k € - 15 k €,0
Ingénieur,,43 k € - 47 k €,43 k € - 47 k €,0
Apprentice,APPRENTI,17 k € - 19 k €,18 k € - 19 k €,0
HR Business Partner,STAGE,12 k € - 13 k €,12 k € - 13 k €,0
Aircraft Navigator,STAGE,17 k € - 19 k €,17 k € - 19 k €,0
Alternant Chef de projet digital,,19 k € - 21 k €,19 k € - 21 k €,0
Market Research Analyst,,49 k € - 54 k €,43 k € - 46 k €,7 k € - 8 k €
Digital Marketing,STAGE,14 k € - 15 k €,14 k € - 15 k €,0
Senior Sales Manager,,332 k € - 361 k €,204 k € - 219 k €,129 k € - 140 k €
Développeurs,,38 k € - 41 k €,38 k € - 41 k €,0
Chef d'équipe administration des ventes commerciales,,59 k € - 64 k €,59 k € - 63 k €,0
Contrôleur Financier,APPRENTI,16 k € - 17 k €,16 k € - 17 k €,0
Ingénieur développement service cloud,,45 k € - 49 k €,45 k € - 49 k €,0
Full Stack Developer,,48 k € - 51 k €,39 k € - 43 k €,8 k € - 8 k €
Chargé de compensation,,80 k € - 87 k €,81 k € - 87 k €,0
ML intern,,23 k € - 25 k €,23 k € - 25 k €,0
Consultant PLM/PDM/CAD,,48 k € - 53 k €,42 k € - 45 k €,6 k € - 7 k €
Apprenti,INTÉRIMAIRE,24 k € - 26 k €,21 k € - 23 k €,3 k € - 3 k €
Technical Architect,,59 k € - 65 k €,59 k € - 64 k €,0
Ingènieur,,44 k € - 48 k €,37 k € - 40 k €,8 k € - 8 k €
Commercial Specialist,,41 k € - 45 k €,42 k € - 45 k €,3 € - 3 €
Acheteur,STAGE,16 k € - 17 k €,16 k € - 17 k €,0
stagaire,STAGE,11 k € - 12 k €,11 k € - 12 k €,0
Sales Representative,STAGE,16 k € - 18 k €,16 k € - 18 k €,0
Apprentice Lead Customer Project Manager,APPRENTI,19 k € - 21 k €,19 k € - 20 k €,0
D assaut système,,37 k € - 40 k €,37 k € - 41 k €,0
Agency Office Assistant,STAGE,12 k € - 13 k €,12 k € - 13 k €,0
Field Marketing Intern,STAGE,12 k € - 13 k €,12 k € - 13 k €,0
chargée de mission développement durable,,36 k € - 40 k €,36 k € - 39 k €,0
Directeur senior des opérations de vente,,75 k € - 81 k €,75 k € - 81 k €,0
Internal Communication Intern,,16 k € - 17 k €,16 k € - 17 k €,0
PLM Program Manager,,95 k € - 102 k €,94 k € - 103 k €,0
QA Engineer,,21 k € - 23 k €,16 k € - 18 k €,5 k € - 5 k €
Chef De Projet Technique,,220 k € - 235 k €,65 k € - 70 k €,154 k € - 166 k €
Ingénieur process & operations,,57 k € - 63 k €,48 k € - 53 k €,9 k € - 10 k €
Responsable logiciel,,56 k € - 61 k €,47 k € - 50 k €,9 k € - 10 k €
Developer,,55 k € - 60 k €,55 k € - 60 k €,0
responsable rechange programme falcon,,69 k € - 76 k €,69 k € - 75 k €,0
Ingénieur CyberSecurité,,48 k € - 52 k €,40 k € - 44 k €,8 k € - 9 k €
PLM Consultant,,42 k € - 45 k €,41 k € - 45 k €,0
UX designer (alternance),STAGE,16 k € - 17 k €,16 k € - 17 k €,0
Business Planning Analyst,STAGE,19 k € - 21 k €,19 k € - 21 k €,0
Directrice,,96 k € - 106 k €,97 k € - 106 k €,0
Responsable Ressources humaines,,79 k € - 85 k €,79 k € - 86 k €,0
Développeur C++,STAGE,15 k € - 16 k €,15 k € - 16 k €,0
Senior QA Manager,,107 k € - 116 k €,75 k € - 81 k €,32 k € - 34 k €
Quality Analyst,,43 k € - 46 k €,37 k € - 41 k €,5 k € - 5 k €
Responsable adjoint aide à la décision,,49 k € - 52 k €,48 k € - 52 k €,0
Treasury Analyst,,41 k € - 44 k €,41 k € - 44 k €,0
Ressources Humaines,,41 k € - 45 k €,38 k € - 41 k €,3 k € - 3 k €
Ingénieur Qualité,,47 k € - 52 k €,48 k € - 52 k €,0
Analyste prix de transfert,,36 k € - 40 k €,36 k € - 40 k €,0
Partner Channel Sales,,120 k € - 130 k €,122 k € - 131 k €,0
IT Director,,130 k € - 141 k €,96 k € - 103 k €,33 k € - 36 k €
ESG Analyst,STAGE,16 k € - 17 k €,16 k € - 18 k €,0
Alternance - Développement informatique,APPRENTI,15 k € - 16 k €,14 k € - 15 k €,582 € - 626 €
Change Manager,,44 k € - 47 k €,44 k € - 48 k €,0
Auditeur interne,APPRENTI,18 k € - 20 k €,18 k € - 20 k €,0
Apprenti-ingénieur qualité,APPRENTI,45 k € - 48 k €,45 k € - 48 k €,0
Customer Strategic Planning Manager,STAGE,15 k € - 16 k €,15 k € - 16 k €,0
HSE,STAGE,15 k € - 17 k €,15 k € - 17 k €,0
Partenaire acquisition talent,APPRENTI,16 k € - 17 k €,15 k € - 16 k €,873 € - 941 €
Responsable de programmation,,57 k € - 61 k €,56 k € - 60 k €,0
Financial,,48 k € - 52 k €,38 k € - 41 k €,10 k € - 10 k €
Directeur des achats,,51 k € - 55 k €,52 k € - 56 k €,0
ingénieur jeune diplomé,STAGE,16 k € - 17 k €,16 k € - 17 k €,0
Institutional Sales Supervisor,STAGE,16 k € - 17 k €,16 k € - 17 k €,0
Human Resources,,39 k € - 41 k €,38 k € - 41 k €,0
Financial Analyst,INTÉRIMAIRE,18 k € - 20 k €,18 k € - 20 k €,0
Ingénieur Excellence Opérationnelle,,48 k € - 52 k €,39 k € - 43 k €,9 k € - 9 k €
Business Unit Manager,,83 k € - 90 k €,83 k € - 90 k €,0
Business Analyst BI CRM,,46 k € - 50 k €,46 k € - 50 k €,0
Marketing Executive,,15 k € - 16 k €,15 k € - 16 k €,0
Communication,STAGE,18 k € - 19 k €,18 k € - 19 k €,0
Business Analyst,,19 k € - 21 k €,19 k € - 21 k €,0
Business Developer,,39 k € - 42 k €,39 k € - 43 k €,0
Assistante,,48 k € - 52 k €,48 k € - 52 k €,0
User Experience Designer,,44 k € - 48 k €,45 k € - 49 k €,0
Data Specialist,STAGE,16 k € - 18 k €,16 k € - 17 k €,0
Stagiaire chef de projet,STAGE,14 k € - 15 k €,14 k € - 15 k €,0
Analyste de marché,,49 k € - 53 k €,42 k € - 46 k €,7 k € - 7 k €
Technical Account Manager,,101 k € - 110 k €,101 k € - 109 k €,0
assistant marketing - chef de projet international,,48 k € - 52 k €,48 k € - 52 k €,0
Business Solution Manager,,55 k € - 59 k €,54 k € - 59 k €,0
R&D Manager,,48 k € - 52 k €,48 k € - 52 k €,0
Employment Specialist,,40 k € - 44 k €,40 k € - 44 k €,0
Technical Writer III,,53 k € - 58 k €,53 k € - 57 k €,1 € - 1 €
"Software Developer, Cloud Infrastructure",,47 k € - 51 k €,47 k € - 51 k €,0
Simulation Engineer,STAGE,15 k € - 17 k €,15 k € - 16 k €,0
Commercial Loan Consultant,,47 k € - 50 k €,38 k € - 41 k €,8 k € - 9 k €
Corporate Finance Planning & Analyst (alternance),APPRENTI,21 k € - 22 k €,21 k € - 23 k €,0
Stage R&D,STAGE,17 k € - 19 k €,17 k € - 19 k €,0
Consultant-Accounting,,40 k € - 44 k €,40 k € - 44 k €,20 € - 22 €
Software Engineer Junior,,44 k € - 48 k €,39 k € - 42 k €,6 k € - 6 k €
Senior IOS Developer,,48 k € - 52 k €,48 k € - 52 k €,0
Corporate Planning Manager,,44 k € - 48 k €,44 k € - 48 k €,0
Analyste Stratégique CATIA,STAGE,16 k € - 18 k €,16 k € - 18 k €,0
alternance analyse process & gestion de projets,,48 k € - 52 k €,48 k € - 52 k €,0
ingénieur développeur,APPRENTI,20 k € - 22 k €,18 k € - 20 k €,2 k € - 2 k €
Responsable formation,,75 k € - 81 k €,74 k € - 81 k €,0
Marketing Associate,,48 k € - 52 k €,48 k € - 52 k €,0
Analyste d’affaires antipiratage,,45 k € - 49 k €,45 k € - 49 k €,0
Technical Sales Consultant,,70 k € - 75 k €,56 k € - 60 k €,13 k € - 15 k €
Inside Sales Representative,,41 k € - 44 k €,41 k € - 44 k €,0
Alternant Marketing,APPRENTI,19 k € - 20 k €,19 k € - 20 k €,2 € - 2 €
Senior Engineer,,65 k € - 71 k €,55 k € - 60 k €,10 k € - 11 k €
Cloud Services Engineer,,37 k € - 40 k €,37 k € - 40 k €,0
Stagiaire,,18 k € - 20 k €,19 k € - 20 k €,0
Strategic Analyst,,52 k € - 57 k €,46 k € - 50 k €,6 k € - 6 k €
Chef de projet markerting,APPRENTI,18 k € - 19 k €,18 k € - 19 k €,0
Data Scientist,,19 k € - 21 k €,18 k € - 20 k €,1 k € - 1 k €
Ingéneieur développement,,52 k € - 57 k €,43 k € - 47 k €,10 k € - 10 k €
Gestionnaire Back Office,,26 k € - 28 k €,23 k € - 25 k €,3 k € - 3 k €
Chef De Projet alternant,APPRENTI,21 k € - 23 k €,19 k € - 21 k €,2 k € - 2 k €
Senior HR Business Partner,,59 k € - 63 k €,58 k € - 64 k €,0
Film Manager,,57 k € - 62 k €,57 k € - 62 k €,0
Stagiaire analyste développeur et gestion des opérations R&D,STAGE,137 k € - 150 k €,137 k € - 150 k €,0
Responsable Protection sociale,,85 k € - 91 k €,84 k € - 91 k €,0
Sr. Software Developer/Analyst,,52 k € - 57 k €,52 k € - 57 k €,0
Chef De Projet SI,,57 k € - 62 k €,57 k € - 62 k €,0
Assistant Risk Manager,APPRENTI,19 k € - 21 k €,19 k € - 21 k €,0
Ingénieur chimiste,STAGE,15 k € - 16 k €,15 k € - 17 k €,0
Corporate Strategy Analyst,STAGE,17 k € - 19 k €,17 k € - 19 k €,0
Europe Technical Customer Support Consultant,,41 k € - 44 k €,41 k € - 44 k €,0
Talent Acquisition Specialist,,39 k € - 42 k €,39 k € - 43 k €,0
Chargé commercial et marketing,,38 k € - 41 k €,38 k € - 41 k €,0
Chercheur en Data Science,STAGE,13 k € - 14 k €,13 k € - 14 k €,0
apprentie chef de projet,,14 k € - 15 k €,14 k € - 15 k €,0
Dassault Systemes,,48 k € - 51 k €,39 k € - 43 k €,8 k € - 9 k €
Facilities Specialist,,61 k € - 67 k €,61 k € - 67 k €,0
Product Marketing Manager,,58 k € - 62 k €,57 k € - 62 k €,0
Business Development,APPRENTI,20 k € - 21 k €,20 k € - 21 k €,1 € - 1 €
Chargé De Mission,STAGE,17 k € - 19 k €,17 k € - 18 k €,0
Client Success Manager,,65 k € - 70 k €,57 k € - 62 k €,8 k € - 9 k €
Engineer,STAGE,40 k € - 44 k €,40 k € - 44 k €,0
Ajusteur monteur cellule aéronef,,48 k € - 52 k €,49 k € - 52 k €,0
Technical Support Engineer,,48 k € - 52 k €,38 k € - 41 k €,11 k € - 12 k €
Senior Manager,,76 k $US - 81 k $US,76 k $US - 82 k $US,0
Intern - Developer,STAGE,16 k € - 18 k €,16 k € - 18 k €,0
IT Software Engineer,STAGE,16 k € - 17 k €,16 k € - 17 k €,0
Employé en gestion de projet innovation,,46 k € - 50 k €,46 k € - 50 k €,0
Software Engineer Front End,,49 k € - 53 k €,40 k € - 43 k €,9 k € - 10 k €
Technical Solutions Engineer,,38 k € - 40 k €,38 k € - 41 k €,0
Chief Marketing Officer (CMO),,88 k € - 96 k €,88 k € - 97 k €,0
Software Engineering Senior Manager,,83 k € - 89 k €,66 k € - 72 k €,16 k € - 18 k €
Consent Coordinator,,45 k € - 49 k €,38 k € - 41 k €,7 k € - 8 k €
Software Engineer,APPRENTI,27 k € - 29 k €,23 k € - 25 k €,4 k € - 4 k €
Market Research Analyst,APPRENTI,20 k € - 22 k €,19 k € - 20 k €,2 k € - 2 k €
Infrastructure Specialist,,49 k € - 52 k €,48 k € - 53 k €,0
directeur commercial international,,153 k € - 164 k €,154 k € - 165 k €,0
ILE-DE-FRANCE,,18 k € - 20 k €,16 k € - 18 k €,2 k € - 2 k €
COnsultant Supply Chain,,58 k € - 63 k €,46 k € - 50 k €,13 k € - 14 k €
Chef de Projet (),,48 k € - 52 k €,40 k € - 44 k €,8 k € - 8 k €
Construction Detailer,STAGE,17 k € - 18 k €,17 k € - 18 k €,0
Mechanical Engineer,,28 k € - 31 k €,28 k € - 31 k €,0
Research Intern,,16 k € - 17 k €,16 k € - 17 k €,0
Ingénieur R,,58 k € - 62 k €,47 k € - 51 k €,10 k € - 11 k €
Analyst,STAGE,13 k € - 14 k €,13 k € - 14 k €,0
Software Development Manager,,50 k € - 54 k €,49 k € - 53 k €,0
Chef De Projet Web,STAGE,16 k € - 17 k €,16 k € - 17 k €,0
Contrat de professionalisation,,48 k € - 52 k €,49 k € - 53 k €,0
IP Associate,,71 k € - 77 k €,55 k € - 60 k €,16 k € - 17 k €
Software Manager,,48 k € - 52 k €,48 k € - 52 k €,0
Stagiaire acheteur prestations intellectuelles junior,STAGE,46 k € - 50 k €,46 k € - 50 k €,0
Tech Sales Engineer,,37 k € - 41 k €,37 k € - 40 k €,0
Responsible Engineer,,54 k € - 58 k €,53 k € - 58 k €,0
Program Marketing Specialist,,37 k € - 40 k €,37 k € - 40 k €,0
Apprentice,,18 k € - 20 k €,19 k € - 20 k €,0
Public Affairs Specialist,,42 k € - 46 k €,41 k € - 46 k €,0
Responsable opérations et stratégie d’innovation senior,,118 k € - 127 k €,117 k € - 127 k €,0
Technical Solutions Manager,,70 k € - 76 k €,59 k € - 64 k €,11 k € - 11 k €
Marketing Operations Analyst,APPRENTI,18 k € - 20 k €,18 k € - 20 k €,4 € - 4 €
Juriste stagiaire,STAGE,15 k € - 16 k €,15 k € - 16 k €,0
Senior Software Engineer,STAGE,75 k € - 82 k €,76 k € - 82 k €,0
Ingénieur Fabrication,,61 k € - 67 k €,61 k € - 67 k €,0
Ingénieur IT,,60 k € - 64 k €,49 k € - 53 k €,10 k € - 11 k €
Directeur régional,,58 k € - 62 k €,58 k € - 63 k €,0
Responsable QA informatique,,60 k € - 65 k €,60 k € - 65 k €,0
Ingénieur R,STAGE,16 k € - 17 k €,16 k € - 17 k €,0
Chef De Produits,,77 k € - 83 k €,64 k € - 70 k €,12 k € - 13 k €
Operations Manager,INTÉRIMAIRE,36 k € - 39 k €,36 k € - 39 k €,0
Financial Reporting Analyst,APPRENTI,21 k € - 23 k €,21 k € - 22 k €,0
Communications Specialist,INTÉRIMAIRE,38 k € - 40 k €,37 k € - 41 k €,0
Ingénieur QA,,67 k € - 74 k €,57 k € - 62 k €,10 k € - 11 k €
Senior Structural Designer,,64 k € - 70 k €,64 k € - 70 k €,0
Ingénieur systèmes senior,,69 k € - 75 k €,58 k € - 62 k €,12 k € - 13 k €
Consultant Junior,,25 k € - 27 k €,25 k € - 27 k €,0
Expert en parcours numérique et performance analytique,,65 k € - 71 k €,66 k € - 71 k €,0
Analyste stratégique/Responsable de solution,,46 k € - 50 k €,46 k € - 50 k €,0
Senior Software Development Lead,,54 k € - 59 k €,54 k € - 58 k €,0
Ingénieur Data,,56 k € - 61 k €,48 k € - 52 k €,8 k € - 9 k €
Développement,STAGE,15 k € - 17 k €,15 k € - 17 k €,0
Cloud Infrastructure Manager,,56 k € - 61 k €,47 k € - 50 k €,9 k € - 10 k €
Air Import/Export/Brokerage,STAGE,18 k € - 20 k €,18 k € - 20 k €,0
Market Analyst,APPRENTI,18 k € - 19 k €,17 k € - 19 k €,0
Technico Commercial,,62 k € - 67 k €,61 k € - 67 k €,0
Mechanical Engineer Intern,STAGE,17 k € - 19 k €,17 k € - 19 k €,0
Software Development Engineer (SDE),,48 k € - 52 k €,49 k € - 52 k €,0
PLM Specialist,,61 k $US - 67 k $US,61 k $US - 66 k $US,0
business developper,APPRENTI,19 k € - 21 k €,18 k € - 20 k €,856 € - 934 €
General Manager/Sales Manager,,159 k € - 173 k €,160 k € - 172 k €,0
Junior FP&A Analyst,,42 k € - 45 k €,38 k € - 40 k €,4 k € - 4 k €
Compensation Manager,,99 k € - 107 k €,75 k € - 81 k €,24 k € - 26 k €
Cloud Technical Consultant,,61 k € - 65 k €,49 k € - 53 k €,11 k € - 12 k €
Learning Specialist,,53 k € - 57 k €,53 k € - 57 k €,0
Docteur,,59 k € - 64 k €,60 k € - 64 k €,0
Responsable r&d informatique,,48 k € - 52 k €,49 k € - 53 k €,0
Contractualisation des ventes,,63 k € - 68 k €,62 k € - 67 k €,0
Directeur commercial,,154 k € - 166 k €,153 k € - 165 k €,0
gestionnaire rh,STAGE,17 k € - 18 k €,15 k € - 16 k €,2 k € - 2 k €
Software Development Director,,93 k € - 101 k €,75 k € - 80 k €,19 k € - 21 k €
ingénieur developpeur,STAGE,12 k € - 13 k €,12 k € - 13 k €,0
Ingénieur R&D alternant,APPRENTI,4 k € - 4 k €,2 k € - 2 k €,2 k € - 2 k €
"Intramurals Coordinator, College Or University",INTÉRIMAIRE,22 k € - 24 k €,21 k € - 23 k €,1 k € - 1 k €
"Senior Manager, Corporate Communications",,62 k € - 66 k €,62 k € - 67 k €,0
Analyst,INTÉRIMAIRE,47 k € - 51 k €,47 k € - 51 k €,0
Talent Sourcer,,52 k € - 57 k €,42 k € - 46 k €,10 k € - 10 k €
HR Expert,,98 k € - 105 k €,97 k € - 106 k €,0
Ingénieur Développement Logiciel full-stack,,45 k € - 49 k €,45 k € - 49 k €,0
Ingénieur Biomédical,STAGE,36 k € - 39 k €,36 k € - 38 k €,0
Community Director,STAGE,16 k € - 17 k €,16 k € - 17 k €,0
Digital Marketing Assistant,APPRENTI,19 k € - 20 k €,19 k € - 21 k €,0
Functional Consultant,,44 k € - 47 k €,43 k € - 47 k €,0
Software Engineering Specialist,,48 k € - 51 k €,39 k € - 43 k €,8 k € - 8 k €
Marketing Manager,INTÉRIMAIRE,2 k € - 2 k €,2 k € - 2 k €,0
Apprenti Data scientist,APPRENTI,22 k € - 24 k €,19 k € - 20 k €,4 k € - 4 k €
Directeur,,124 k € - 133 k €,85 k € - 93 k €,38 k € - 41 k €
Credit Risk Analyst,,37 k € - 40 k €,37 k € - 40 k €,0
expert plm / km,,118 k CHF - 127 k CHF,117 k CHF - 128 k CHF,0
Air Force Fighter Pilot,,59 k € - 64 k €,18 k € - 20 k €,41 k € - 44 k €
ing&eacute;nieur informatique,,45 k € - 49 k €,45 k € - 49 k €,0
Directeur solutions industrie,,107 k € - 117 k €,107 k € - 116 k €,0
Regional Human Resources Director,,148 k € - 162 k €,87 k € - 95 k €,61 k € - 66 k €
Sofware Engineer,,54 k € - 59 k €,45 k € - 48 k €,11 k € - 11 k €
Assistant directeur commercial,STAGE,18 k € - 20 k €,18 k € - 20 k €,0
Développeur Logiciels,,43 k € - 47 k €,39 k € - 42 k €,4 k € - 4 k €
Sales Transaction Support,,33 k € - 36 k €,34 k € - 36 k €,0
Consultant,,73 k £GB - 80 k £GB,63 k £GB - 69 k £GB,11 k £GB - 11 k £GB
Technicien,,18 k € - 20 k €,18 k € - 20 k €,0
Solutions Consultant,STAGE,16 k € - 17 k €,16 k € - 17 k €,0
UX developper,STAGE,15 k € - 17 k €,16 k € - 17 k €,0
Sr. Account Executive,,106 k € - 115 k €,106 k € - 115 k €,0
Finance,,80 k € - 88 k €,81 k € - 87 k €,0
Sales Operations,,44 k € - 49 k €,44 k € - 48 k €,0
Spécialiste de la rémunération globale senior,,70 k € - 76 k €,70 k € - 76 k €,0
Marketing Operations,STAGE,12 k € - 13 k €,12 k € - 13 k €,0
-Ingénieur développement Cloud,APPRENTI,15 k € - 16 k €,15 k € - 16 k €,0
Cost Engineer,,117 k CHF - 128 k CHF,118 k CHF - 127 k CHF,0
Directeur financier de division,,169 k € - 184 k €,172 k € - 187 k €,0
IT Project Manager,,37 k € - 40 k €,38 k € - 41 k €,0
Chargée De Projets RH,,46 k € - 49 k €,45 k € - 49 k €,0
Consultant technico commercial,,58 k € - 63 k €,46 k € - 50 k €,11 k € - 13 k €
Sales Operations,APPRENTI,16 k € - 18 k €,15 k € - 16 k €,1 k € - 1 k €
Market Analyst,,19 k € - 20 k €,19 k € - 20 k €,0
Senior Program Manager,,84 k € - 92 k €,85 k € - 92 k €,0
Program Manager,INTÉRIMAIRE,39 k € - 41 k €,38 k € - 42 k €,0
Corporate Sales,,39 k € - 43 k €,39 k € - 43 k €,23 € - 25 €
